model,horizon,mse_mean,mse_std,mae_mean,mae_std,runs,test_windows
transformer,90,131875.5125,3841.140030356405,275.78773803710936,5.656764217946176,5,276
bayes_former_uq,90,132509.3640625,3204.395608314837,274.89598388671874,3.904672586808304,5,276
lstm,90,136396.109375,1844.905777805331,282.20026245117185,2.5015210573513693,5,276
lstm,365,142059.965625,1854.7488477572476,288.54310913085936,2.0176607827281385,5,1
transformer,365,144772.24375,4502.825971128524,292.29265747070315,4.449752636929759,5,1
bayes_former_uq,365,145544.775,4619.10806511516,292.65671997070314,4.61967980459906,5,1
